unpack_U0,VITIS_LOOP_39_1,seq_loop_status1.csv
unpack_U0.grp_unpack_Pipeline_VITIS_LOOP_53_2_fu_92,VITIS_LOOP_53_2,upc_loop_status1.csv
pad_U0,VITIS_LOOP_100_3,seq_loop_status2.csv
pad_U0,VITIS_LOOP_112_5,seq_loop_status3.csv
pad_U0,VITIS_LOOP_134_8,seq_loop_status4.csv
pad_U0.grp_pad_Pipeline_VITIS_LOOP_92_1_VITIS_LOOP_93_2_fu_329,VITIS_LOOP_92_1_VITIS_LOOP_93_2,upc_loop_status2.csv
pad_U0.grp_pad_Pipeline_VITIS_LOOP_103_4_fu_341,VITIS_LOOP_103_4,upc_loop_status3.csv
pad_U0.grp_pad_Pipeline_VITIS_LOOP_118_6_fu_350,VITIS_LOOP_118_6,upc_loop_status4.csv
pad_U0.grp_pad_Pipeline_VITIS_LOOP_125_7_fu_359,VITIS_LOOP_125_7,upc_loop_status5.csv
pad_U0.grp_pad_Pipeline_VITIS_LOOP_138_9_fu_371,VITIS_LOOP_138_9,upc_loop_status6.csv
process_pixels_U0.stream_to_mat_U0,VITIS_LOOP_156_1_VITIS_LOOP_157_2,upc_loop_status7.csv
process_pixels_U0.bgr2gray_9_0_484_644_1_3220_3220_U0,rowloop,seq_loop_status5.csv
process_pixels_U0.bgr2gray_9_0_484_644_1_3220_3220_U0.grp_bgr2gray_9_0_484_644_1_3220_3220_Pipeline_columnloop_fu_38,columnloop,upc_loop_status8.csv
process_pixels_U0.GaussianBlur_5_1_0_484_644_1_3220_3220_U0.grp_xFGaussianFilter5x5_0_484_644_1_0_1_3220_3220_1_644_false_s_fu_16,Row_Loop,seq_loop_status6.csv
process_pixels_U0.GaussianBlur_5_1_0_484_644_1_3220_3220_U0.grp_xFGaussianFilter5x5_0_484_644_1_0_1_3220_3220_1_644_false_s_fu_16.grp_xFGaussianFilter5x5_Pipeline_Clear_Row_Loop_fu_370,Clear_Row_Loop,upc_loop_status9.csv
process_pixels_U0.GaussianBlur_5_1_0_484_644_1_3220_3220_U0.grp_xFGaussianFilter5x5_0_484_644_1_0_1_3220_3220_1_644_false_s_fu_16.grp_xFGaussianFilter5x5_Pipeline_Read_Row2_Loop_fu_382,Read_Row2_Loop,upc_loop_status10.csv
process_pixels_U0.GaussianBlur_5_1_0_484_644_1_3220_3220_U0.grp_xFGaussianFilter5x5_0_484_644_1_0_1_3220_3220_1_644_false_s_fu_16.grp_xFGaussianFilter5x5_Pipeline_Col_Loop_fu_389,Col_Loop,upc_loop_status11.csv
process_pixels_U0.mat_to_stream_U0,VITIS_LOOP_171_1_VITIS_LOOP_172_2,upc_loop_status12.csv
repack_U0,VITIS_LOOP_221_1,seq_loop_status7.csv
repack_U0.grp_repack_Pipeline_VITIS_LOOP_224_2_fu_134,VITIS_LOOP_224_2,upc_loop_status13.csv
repack_U0.grp_repack_Pipeline_VITIS_LOOP_247_3_fu_142,VITIS_LOOP_247_3,upc_loop_status14.csv
